<beans xmlns="http://www.springframework.org/schema/beans"
	xmlns:xsi="http://www.w3.org/2001/XMLSchema-instance"
	xsi:schemaLocation="http://www.springframework.org/schema/beans
http://www.springframework.org/schema/beans/spring-beans-4.0.xsd">

	<bean id="custObj" class="com.spring.app.Customer">
		<constructor-arg value="1"/>
		<constructor-arg value="1"/>
		<constructor-arg value="1"/>
		<constructor-arg value="1"/>
	</bean>
	<bean id="membership" class="com.spring.app.MemberShip">
		<constructor-arg value="1"/>
		<constructor-arg value="1"/>
		<constructor-arg value="1"/>
		<constructor-arg ref="custObj"/>
	</bean>
</beans>